DPH:,0,,,,,
,invoiceCode,taxMode,varSymbol,constSymbol,specSymbol,date
2021,6020212084,ORDINARY,6020212084,8,,30.9.2021
2021,6020212085,ORDINARY,6020212085,8,,1.10.2021
2021,6020212086,ORDINARY,6020212086,8,,1.10.2021
2021,6020212088,ORDINARY,6020212088,8,,1.10.2021
2021,6020212089,ORDINARY,6020212089,8,,1.10.2021
2021,6020212090,ORDINARY,6020212090,8,,4.10.2021
2021,6020212091,ORDINARY,6020212091,8,,4.10.2021
2021,6020212092,ORDINARY,6020212092,8,,4.10.2021
2021,6020212093,ORDINARY,6020212093,8,,4.10.2021
2021,6020212094,ORDINARY,6020212094,8,,4.10.2021
2021,6020212096,ORDINARY,6020212096,8,,4.10.2021
2021,6020212097,ORDINARY,6020212097,8,,4.10.2021
2021,6020212098,ORDINARY,6020212098,8,,4.10.2021
2021,6020212099,ORDINARY,6020212099,8,,4.10.2021
2021,6020212100,ORDINARY,6020212100,8,,4.10.2021
2021,6020212101,ORDINARY,6020212101,8,,4.10.2021
2021,6020212102,ORDINARY,6020212102,8,,4.10.2021
2021,6020212103,ORDINARY,6020212103,8,,4.10.2021
2021,6020212104,ORDINARY,6020212104,8,,4.10.2021
2021,6020212105,ORDINARY,6020212105,8,,4.10.2021
2021,6020212106,ORDINARY,6020212106,8,,4.10.2021
2021,6020212107,ORDINARY,6020212107,8,,4.10.2021
2021,6020212108,ORDINARY,6020212108,8,,4.10.2021
2021,6020212109,ORDINARY,6020212109,8,,4.10.2021
2021,6020212110,ORDINARY,6020212110,8,,4.10.2021
2021,6020212112,ORDINARY,6020212112,8,,5.10.2021
2021,6020212114,ORDINARY,6020212114,8,,4.10.2021
2021,6020212115,ORDINARY,6020212115,8,,4.10.2021
2021,6020212116,ORDINARY,6020212116,8,,4.10.2021
2021,6020212117,ORDINARY,6020212117,8,,5.10.2021
2021,6020212118,ORDINARY,6020212118,8,,5.10.2021
2021,6020212119,ORDINARY,6020212119,8,,5.10.2021
2021,6020212121,ORDINARY,6020212121,8,,5.10.2021
2021,6020212122,ORDINARY,6020212122,8,,5.10.2021
2021,6020212123,ORDINARY,6020212123,8,,5.10.2021
2021,6020212124,ORDINARY,6020212124,8,,6.10.2021
2021,6020212125,ORDINARY,6020212125,8,,5.10.2021
2021,6020212126,ORDINARY,6020212126,8,,5.10.2021
2021,6020212127,ORDINARY,6020212127,8,,5.10.2021
2021,6020212128,ORDINARY,6020212128,8,,6.10.2021
2021,6020212130,ORDINARY,6020212130,8,,6.10.2021
2021,6020212131,ORDINARY,6020212131,8,,6.10.2021
2021,6020212132,ORDINARY,6020212132,8,,6.10.2021
2021,6020212133,ORDINARY,6020212133,8,,6.10.2021
2021,6020212134,ORDINARY,6020212134,8,,12.10.2021
2021,6020212135,ORDINARY,6020212135,8,,6.10.2021
2021,6020212136,ORDINARY,6020212136,8,,6.10.2021
2021,6020212137,ORDINARY,6020212137,8,,6.10.2021
2021,6020212138,ORDINARY,6020212138,8,,6.10.2021
2021,6020212139,ORDINARY,6020212139,8,,6.10.2021
2021,6020212140,ORDINARY,6020212140,8,,7.10.2021
2021,6020212141,ORDINARY,6020212141,8,,12.10.2021
2021,6020212142,ORDINARY,6020212142,8,,7.10.2021
2021,6020212144,ORDINARY,6020212144,8,,9.10.2021
2021,6020212145,ORDINARY,6020212145,8,,7.10.2021
2021,6020212146,ORDINARY,6020212146,8,,7.10.2021
2021,6020212147,ORDINARY,6020212147,8,,9.10.2021
2021,6020212148,ORDINARY,6020212148,8,,9.10.2021
2021,6020212149,ORDINARY,6020212149,8,,9.10.2021
2021,6020212150,ORDINARY,6020212150,8,,9.10.2021
2021,6020212151,ORDINARY,6020212151,8,,9.10.2021
2021,6020212152,ORDINARY,6020212152,8,,9.10.2021
2021,6020212153,ORDINARY,6020212153,8,,9.10.2021
2021,6020212154,ORDINARY,6020212154,8,,12.10.2021
2021,6020212155,ORDINARY,6020212155,8,,9.10.2021
2021,6020212158,ORDINARY,6020212158,8,,9.10.2021
2021,6020212159,ORDINARY,6020212159,8,,9.10.2021
2021,6020212160,ORDINARY,6020212160,8,,12.10.2021
2021,6020212161,ORDINARY,6020212161,8,,10.10.2021
2021,6020212162,ORDINARY,6020212162,8,,10.10.2021
2021,6020212163,ORDINARY,6020212163,8,,10.10.2021
2021,6020212165,ORDINARY,6020212165,8,,10.10.2021
2021,6020212166,ORDINARY,6020212166,8,,10.10.2021
2021,6020212167,ORDINARY,6020212167,8,,10.10.2021
2021,6020212168,ORDINARY,6020212168,8,,12.10.2021
2021,6020212169,ORDINARY,6020212169,8,,12.10.2021
2021,6020212170,ORDINARY,6020212170,8,,12.10.2021
2021,6020212172,ORDINARY,6020212172,8,,12.10.2021
2021,6020212173,ORDINARY,6020212173,8,,15.10.2021
2021,6020212174,ORDINARY,6020212174,8,,12.10.2021
2021,6020212175,ORDINARY,6020212175,8,,12.10.2021
2021,6020212176,ORDINARY,6020212176,8,,12.10.2021
2021,6020212177,ORDINARY,6020212177,8,,12.10.2021
2021,6020212178,ORDINARY,6020212178,8,,12.10.2021
2021,6020212179,ORDINARY,6020212179,8,,12.10.2021
2021,6020212180,ORDINARY,6020212180,8,,12.10.2021
2021,6020212181,ORDINARY,6020212181,8,,13.10.2021
2021,6020212182,ORDINARY,6020212182,8,,13.10.2021
2021,6020212183,ORDINARY,6020212183,8,,13.10.2021
2021,6020212184,ORDINARY,6020212184,8,,13.10.2021
2021,6020212185,ORDINARY,6020212185,8,,13.10.2021
2021,6020212186,ORDINARY,6020212186,8,,13.10.2021
2021,6020212187,ORDINARY,6020212187,8,,13.10.2021
2021,6020212188,ORDINARY,6020212188,8,,13.10.2021
2021,6020212189,ORDINARY,6020212189,8,,13.10.2021
2021,6020212190,ORDINARY,6020212190,8,,13.10.2021
2021,6020212191,ORDINARY,6020212191,8,,13.10.2021
2021,6020212192,ORDINARY,6020212192,8,,13.10.2021
2021,6020212193,ORDINARY,6020212193,8,,13.10.2021
2021,6020212194,ORDINARY,6020212194,8,,15.10.2021
2021,6020212195,ORDINARY,6020212195,8,,15.10.2021
2021,6020212196,ORDINARY,6020212196,8,,15.10.2021
2021,6020212197,ORDINARY,6020212197,8,,15.10.2021
2021,6020212198,ORDINARY,6020212198,8,,15.10.2021
2021,6020212199,ORDINARY,6020212199,8,,15.10.2021
2021,6020212200,ORDINARY,6020212200,8,,15.10.2021
2021,6020212201,ORDINARY,6020212201,8,,15.10.2021
2021,6020212202,ORDINARY,6020212202,8,,15.10.2021
2021,6020212203,ORDINARY,6020212203,8,,15.10.2021
2021,6020212204,ORDINARY,6020212204,8,,15.10.2021
2021,6020212207,ORDINARY,6020212207,8,,15.10.2021
2021,6020212208,ORDINARY,6020212208,8,,15.10.2021
2021,6020212209,ORDINARY,6020212209,8,,17.10.2021
2021,6020212210,ORDINARY,6020212210,8,,15.10.2021
2021,6020212211,ORDINARY,6020212211,8,,15.10.2021
2021,6020212213,ORDINARY,6020212213,8,,17.10.2021
2021,6020212214,ORDINARY,6020212214,8,,17.10.2021
2021,6020212215,ORDINARY,6020212215,8,,17.10.2021
2021,6020212216,ORDINARY,6020212216,8,,17.10.2021
2021,6020212219,ORDINARY,6020212219,8,,18.10.2021
2021,6020212220,ORDINARY,6020212220,8,,17.10.2021
2021,6020212221,ORDINARY,6020212221,8,,18.10.2021
2021,6020212222,ORDINARY,6020212222,8,,18.10.2021
2021,6020212223,ORDINARY,6020212223,8,,18.10.2021
2021,6020212225,ORDINARY,6020212225,8,,18.10.2021
2021,6020212226,ORDINARY,6020212226,8,,18.10.2021
2021,6020212227,ORDINARY,6020212227,8,,18.10.2021
2021,6020212228,ORDINARY,6020212228,8,,18.10.2021
2021,6020212230,ORDINARY,6020212230,8,,27.10.2021
2021,6020212232,ORDINARY,6020212232,8,,19.10.2021
2021,6020212233,ORDINARY,6020212233,8,,19.10.2021
2021,6020212234,ORDINARY,6020212234,8,,19.10.2021
2021,6020212235,ORDINARY,6020212235,8,,19.10.2021
2021,6020212236,ORDINARY,6020212236,8,,19.10.2021
2021,6020212238,ORDINARY,6020212238,8,,20.10.2021
2021,6020212239,ORDINARY,6020212239,8,,20.10.2021
2021,6020212240,ORDINARY,6020212240,8,,20.10.2021
2021,6020212241,ORDINARY,6020212241,8,,20.10.2021
2021,6020212242,ORDINARY,6020212242,8,,20.10.2021
2021,6020212243,ORDINARY,6020212243,8,,20.10.2021
2021,6020212244,ORDINARY,6020212244,8,,20.10.2021
2021,6020212245,ORDINARY,6020212245,8,,20.10.2021
2021,6020212246,ORDINARY,6020212246,8,,21.10.2021
2021,6020212247,ORDINARY,6020212247,8,,21.10.2021
2021,6020212250,ORDINARY,6020212250,8,,21.10.2021
2021,6020212251,ORDINARY,6020212251,8,,21.10.2021
2021,6020212252,ORDINARY,6020212252,8,,21.10.2021
2021,6020212253,ORDINARY,6020212253,8,,25.10.2021
2021,6020212254,ORDINARY,6020212254,8,,25.10.2021
2021,6020212256,ORDINARY,6020212256,8,,25.10.2021
2021,6020212258,ORDINARY,6020212258,8,,25.10.2021
2021,6020212259,ORDINARY,6020212259,8,,25.10.2021
2021,6020212260,ORDINARY,6020212260,8,,25.10.2021
2021,6020212261,ORDINARY,6020212261,8,,25.10.2021
2021,6020212262,ORDINARY,6020212262,8,,25.10.2021
2021,6020212263,ORDINARY,6020212263,8,,25.10.2021
2021,6020212265,ORDINARY,6020212265,8,,25.10.2021
2021,6020212266,ORDINARY,6020212266,8,,25.10.2021
2021,6020212267,ORDINARY,6020212267,8,,25.10.2021
2021,6020212269,ORDINARY,6020212269,8,,25.10.2021
2021,6020212270,ORDINARY,6020212270,8,,25.10.2021
2021,6020212271,ORDINARY,6020212271,8,,25.10.2021
2021,6020212272,ORDINARY,6020212272,8,,25.10.2021
2021,6020212273,ORDINARY,6020212273,8,,25.10.2021
2021,6020212274,ORDINARY,6020212274,8,,25.10.2021
2021,6020212275,ORDINARY,6020212275,8,,25.10.2021
2021,6020212276,ORDINARY,6020212276,8,,25.10.2021
2021,6020212277,ORDINARY,6020212277,8,,25.10.2021
2021,6020212278,ORDINARY,6020212278,8,,25.10.2021
2021,6020212279,ORDINARY,6020212279,8,,25.10.2021
2021,6020212280,ORDINARY,6020212280,8,,25.10.2021
2021,6020212281,ORDINARY,6020212281,8,,25.10.2021
2021,6020212282,ORDINARY,6020212282,8,,25.10.2021
2021,6020212283,ORDINARY,6020212283,8,,25.10.2021
2021,6020212284,ORDINARY,6020212284,8,,25.10.2021
2021,6020212285,ORDINARY,6020212285,8,,25.10.2021
2021,6020212286,ORDINARY,6020212286,8,,27.10.2021
2021,6020212287,ORDINARY,6020212287,8,,25.10.2021
2021,6020212288,ORDINARY,6020212288,8,,25.10.2021
2021,6020212289,ORDINARY,6020212289,8,,25.10.2021
2021,6020212290,ORDINARY,6020212290,8,,25.10.2021
2021,6020212291,ORDINARY,6020212291,8,,25.10.2021
2021,6020212293,ORDINARY,6020212293,8,,25.10.2021
2021,6020212294,ORDINARY,6020212294,8,,25.10.2021
2021,6020212295,ORDINARY,6020212295,8,,25.10.2021
2021,6020212296,ORDINARY,6020212296,8,,25.10.2021
2021,6020212297,ORDINARY,6020212297,8,,27.10.2021
2021,6020212298,ORDINARY,6020212298,8,,27.10.2021
2021,6020212299,ORDINARY,6020212299,8,,27.10.2021
2021,6020212301,ORDINARY,6020212301,8,,27.10.2021
2021,6020212302,ORDINARY,6020212302,8,,27.10.2021
2021,6020212303,ORDINARY,6020212303,8,,27.10.2021
2021,6020212305,ORDINARY,6020212305,8,,27.10.2021
2021,6020212306,ORDINARY,6020212306,8,,27.10.2021
2021,6020212307,ORDINARY,6020212307,8,,27.10.2021
2021,6020212308,ORDINARY,6020212308,8,,27.10.2021
2021,6020212309,ORDINARY,6020212309,8,,27.10.2021
2021,6020212310,ORDINARY,6020212310,8,,27.10.2021
2021,6020212311,ORDINARY,6020212311,8,,29.10.2021
2021,6020212312,ORDINARY,6020212312,8,,29.10.2021
2021,6020212314,ORDINARY,6020212314,8,,29.10.2021
2021,6020212315,ORDINARY,6020212315,8,,29.10.2021
2021,6020212316,ORDINARY,6020212316,8,,29.10.2021
2021,6020212317,ORDINARY,6020212317,8,,29.10.2021
2021,6020212319,ORDINARY,6020212319,8,,29.10.2021
2021,6020212320,ORDINARY,6020212320,8,,29.10.2021
2021,6020212322,ORDINARY,6020212322,8,,29.10.2021
2021,6020212323,ORDINARY,6020212323,8,,31.10.2021
2021,6020212324,ORDINARY,6020212324,8,,31.10.2021
2021,6020212325,ORDINARY,6020212325,8,,31.10.2021
2021,6020212326,ORDINARY,6020212326,8,,31.10.2021
2021,6020212327,ORDINARY,6020212327,8,,31.10.2021
2021,6020212328,ORDINARY,6020212328,8,,31.10.2021
2021,6020212329,ORDINARY,6020212329,8,,31.10.2021
2021,6020212330,ORDINARY,6020212330,8,,31.10.2021
2021,6020212331,ORDINARY,6020212331,8,,1.11.2021
2021,6020212333,ORDINARY,6020212333,8,,31.10.2021
2021,6020212334,ORDINARY,6020212334,8,,1.11.2021
2021,6020212335,ORDINARY,6020212335,8,,31.10.2021
2021,6020212336,ORDINARY,6020212336,8,,1.11.2021
2021,6020212337,ORDINARY,6020212337,8,,1.11.2021
2021,6020212338,ORDINARY,6020212338,8,,1.11.2021
2021,6020212339,ORDINARY,6020212339,8,,1.11.2021
2021,6020212341,ORDINARY,6020212341,8,,1.11.2021
2021,6020212342,ORDINARY,6020212342,8,,1.11.2021
2021,6020212343,ORDINARY,6020212343,8,,2.11.2021
2021,6020212344,ORDINARY,6020212344,8,,1.11.2021
2021,6020212345,ORDINARY,6020212345,8,,2.11.2021
2021,6020212346,ORDINARY,6020212346,8,,2.11.2021
2021,6020212347,ORDINARY,6020212347,8,,2.11.2021
2021,6020212348,ORDINARY,6020212348,8,,2.11.2021
2021,6020212349,ORDINARY,6020212349,8,,2.11.2021
2021,6020212350,ORDINARY,6020212350,8,,2.11.2021
2021,6020212351,ORDINARY,6020212351,8,,2.11.2021
2021,6020212353,ORDINARY,6020212353,8,,4.11.2021
2021,6020212354,ORDINARY,6020212354,8,,4.11.2021
2021,6020212355,ORDINARY,6020212355,8,,4.11.2021
2021,6020212356,ORDINARY,6020212356,8,,4.11.2021
2021,6020212357,ORDINARY,6020212357,8,,4.11.2021
2021,6020212358,ORDINARY,6020212358,8,,4.11.2021
2021,6020212359,ORDINARY,6020212359,8,,4.11.2021
2021,6020212360,ORDINARY,6020212360,8,,5.11.2021
2021,6020212362,ORDINARY,6020212362,8,,5.11.2021
2021,6020212363,ORDINARY,6020212363,8,,5.11.2021
2021,6020212364,ORDINARY,6020212364,8,,5.11.2021
2021,6020212365,ORDINARY,6020212365,8,,5.11.2021
2021,6020212366,ORDINARY,6020212366,8,,5.11.2021
2021,6020212367,ORDINARY,6020212367,8,,7.11.2021
2021,6020212368,ORDINARY,6020212368,8,,7.11.2021
2021,6020212370,ORDINARY,6020212370,8,,7.11.2021
2021,6020212371,ORDINARY,6020212371,8,,7.11.2021
2021,6020212372,ORDINARY,6020212372,8,,7.11.2021
2021,6020212373,ORDINARY,6020212373,8,,7.11.2021
2021,6020212374,ORDINARY,6020212374,8,,7.11.2021
2021,6020212375,ORDINARY,6020212375,8,,7.11.2021
2021,6020212376,ORDINARY,6020212376,8,,7.11.2021
2021,6020212377,ORDINARY,6020212377,8,,8.11.2021
2021,6020212378,ORDINARY,6020212378,8,,8.11.2021
2021,6020212379,ORDINARY,6020212379,8,,8.11.2021
2021,6020212380,ORDINARY,6020212380,8,,8.11.2021
2021,6020212382,ORDINARY,6020212382,8,,10.11.2021
2021,6020212383,ORDINARY,6020212383,8,,10.11.2021
2021,6020212385,ORDINARY,6020212385,8,,10.11.2021
2021,6020212386,ORDINARY,6020212386,8,,10.11.2021
2021,6020212389,ORDINARY,6020212389,8,,10.11.2021
2021,6020212390,ORDINARY,6020212390,8,,10.11.2021
2021,6020212392,ORDINARY,6020212392,8,,10.11.2021
2021,6020212393,ORDINARY,6020212393,8,,10.11.2021
2021,6020212396,ORDINARY,6020212396,8,,11.11.2021
2021,6020212397,ORDINARY,6020212397,8,,11.11.2021
2021,6020212398,ORDINARY,6020212398,8,,14.11.2021
2021,6020212399,ORDINARY,6020212399,8,,18.11.2021
2021,6020212400,ORDINARY,6020212400,8,,14.11.2021
2021,6020212401,ORDINARY,6020212401,8,,14.11.2021
2021,6020212402,ORDINARY,6020212402,8,,14.11.2021
2021,6020212403,ORDINARY,6020212403,8,,14.11.2021
2021,6020212404,ORDINARY,6020212404,8,,14.11.2021
2021,6020212405,ORDINARY,6020212405,8,,14.11.2021
2021,6020212406,ORDINARY,6020212406,8,,14.11.2021
2021,6020212407,ORDINARY,6020212407,8,,15.11.2021
2021,6020212408,ORDINARY,6020212408,8,,15.11.2021
2021,6020212409,ORDINARY,6020212409,8,,16.11.2021
2021,6020212411,ORDINARY,6020212411,8,,17.11.2021
2021,6020212412,ORDINARY,6020212412,8,,17.11.2021
2021,6020212413,ORDINARY,6020212413,8,,17.11.2021
2021,6020212414,ORDINARY,6020212414,8,,17.11.2021
2021,6020212415,ORDINARY,6020212415,8,,18.11.2021
2021,6020212417,ORDINARY,6020212417,8,,18.11.2021
2021,6020212418,ORDINARY,6020212418,8,,18.11.2021
2021,6020212421,ORDINARY,6020212421,8,,20.11.2021
2021,6020212423,ORDINARY,6020212423,8,,20.11.2021
2021,6020212424,ORDINARY,6020212424,8,,20.11.2021
2021,6020212425,ORDINARY,6020212425,8,,20.11.2021
2021,6020212426,ORDINARY,6020212426,8,,20.11.2021
2021,6020212428,ORDINARY,6020212428,8,,20.11.2021
2021,6020212429,ORDINARY,6020212429,8,,20.11.2021
2021,6020212430,ORDINARY,6020212430,8,,23.11.2021
2021,6020212431,ORDINARY,6020212431,8,,21.11.2021
2021,6020212432,ORDINARY,6020212432,8,,21.11.2021
2021,6020212433,ORDINARY,6020212433,8,,24.11.2021
2021,6020212434,ORDINARY,6020212434,8,,21.11.2021
2021,6020212435,ORDINARY,6020212435,8,,21.11.2021
2021,6020212436,ORDINARY,6020212436,8,,21.11.2021
2021,6020212437,ORDINARY,6020212437,8,,22.11.2021
2021,6020212438,ORDINARY,6020212438,8,,22.11.2021
2021,6020212439,ORDINARY,6020212439,8,,22.11.2021
2021,6020212440,ORDINARY,6020212440,8,,22.11.2021
2021,6020212441,ORDINARY,6020212441,8,,22.11.2021
2021,6020212445,ORDINARY,6020212445,8,,24.11.2021
2021,6020212446,ORDINARY,6020212446,8,,24.11.2021
2021,6020212447,ORDINARY,6020212447,8,,24.11.2021
2021,6020212449,ORDINARY,6020212449,8,,25.11.2021
2021,6020212450,ORDINARY,6020212450,8,,25.11.2021
2021,6020212451,ORDINARY,6020212451,8,,25.11.2021
2021,6020212453,ORDINARY,6020212453,8,,25.11.2021
2021,6020212454,ORDINARY,6020212454,8,,26.11.2021
2021,6020212455,ORDINARY,6020212455,8,,6.12.2021
2021,6020212458,ORDINARY,6020212458,8,,28.11.2021
2021,6020212461,ORDINARY,6020212461,8,,28.11.2021
2021,6020212462,ORDINARY,6020212462,8,,28.11.2021
2021,6020212463,ORDINARY,6020212463,8,,28.11.2021
2021,6020212464,ORDINARY,6020212464,8,,28.11.2021
2021,6020212466,ORDINARY,6020212466,8,,28.11.2021
2021,6020212467,ORDINARY,6020212467,8,,30.11.2021
2021,6020212468,ORDINARY,6020212468,8,,29.11.2021
2021,6020212469,ORDINARY,6020212469,8,,29.11.2021
2021,6020212470,ORDINARY,6020212470,8,,30.11.2021
2021,6020212471,ORDINARY,6020212471,8,,30.11.2021
2021,6020212472,ORDINARY,6020212472,8,,30.11.2021
2021,6020212473,ORDINARY,6020212473,8,,30.11.2021
2021,6020212474,ORDINARY,6020212474,8,,30.11.2021
2021,6020212476,ORDINARY,6020212476,8,,30.11.2021
2021,6020212477,ORDINARY,6020212477,8,,30.11.2021
2021,6020212478,ORDINARY,6020212478,8,,1.12.2021
2021,6020212479,ORDINARY,6020212479,8,,2.12.2021
2021,6020212480,ORDINARY,6020212480,8,,1.12.2021
2021,6020212481,ORDINARY,6020212481,8,,2.12.2021
2021,6020212482,ORDINARY,6020212482,8,,2.12.2021
2021,6020212483,ORDINARY,6020212483,8,,3.12.2021
2021,6020212485,ORDINARY,6020212485,8,,2.12.2021
2021,6020212486,ORDINARY,6020212486,8,,2.12.2021
2021,6020212487,ORDINARY,6020212487,8,,3.12.2021
2021,6020212488,ORDINARY,6020212488,8,,2.12.2021
2021,6020212489,ORDINARY,6020212489,8,,3.12.2021
2021,6020212490,ORDINARY,6020212490,8,,3.12.2021
2021,6020212492,ORDINARY,6020212492,8,,3.12.2021
2021,6020212493,ORDINARY,6020212493,8,,3.12.2021
2021,6020212494,ORDINARY,6020212494,8,,3.12.2021
2021,6020212495,ORDINARY,6020212495,8,,5.12.2021
2021,6020212496,ORDINARY,6020212496,8,,5.12.2021
2021,6020212497,ORDINARY,6020212497,8,,5.12.2021
2021,6020212498,ORDINARY,6020212498,8,,5.12.2021
2021,6020212499,ORDINARY,6020212499,8,,5.12.2021
2021,6020212500,ORDINARY,6020212500,8,,5.12.2021
2021,6020212501,ORDINARY,6020212501,8,,5.12.2021
2021,6020212502,ORDINARY,6020212502,8,,5.12.2021
2021,6020212503,ORDINARY,6020212503,8,,5.12.2021
2021,6020212506,ORDINARY,6020212506,8,,6.12.2021
2021,6020212507,ORDINARY,6020212507,8,,6.12.2021
2021,6020212509,ORDINARY,6020212509,8,,6.12.2021
2021,6020212510,ORDINARY,6020212510,8,,6.12.2021
2021,6020212511,ORDINARY,6020212511,8,,6.12.2021
2021,6020212512,ORDINARY,6020212512,8,,6.12.2021
2021,6020212513,ORDINARY,6020212513,8,,7.12.2021
2021,6020212514,ORDINARY,6020212514,8,,7.12.2021
2021,6020212516,ORDINARY,6020212516,8,,7.12.2021
2021,6020212517,ORDINARY,6020212517,8,,7.12.2021
2021,6020212518,ORDINARY,6020212518,8,,7.12.2021
2021,6020212520,ORDINARY,6020212520,8,,7.12.2021
2021,6020212521,ORDINARY,6020212521,8,,9.12.2021
2021,6020212522,ORDINARY,6020212522,8,,8.12.2021
2021,6020212523,ORDINARY,6020212523,8,,8.12.2021
2021,6020212524,ORDINARY,6020212524,8,,9.12.2021
2021,6020212525,ORDINARY,6020212525,8,,9.12.2021
2021,6020212528,ORDINARY,6020212528,8,,10.12.2021
2021,6020212531,ORDINARY,6020212531,8,,11.12.2021
2021,6020212532,ORDINARY,6020212532,8,,12.12.2021
2021,6020212534,ORDINARY,6020212534,8,,12.12.2021
2021,6020212535,ORDINARY,6020212535,8,,12.12.2021
2021,6020212536,ORDINARY,6020212536,8,,12.12.2021
2021,6020212537,ORDINARY,6020212537,8,,12.12.2021
2021,6020212538,ORDINARY,6020212538,8,,12.12.2021
2021,6020212539,ORDINARY,6020212539,8,,13.12.2021
2021,6020212540,ORDINARY,6020212540,8,,13.12.2021
2021,6020212541,ORDINARY,6020212541,8,,14.12.2021
2021,6020212542,ORDINARY,6020212542,8,,13.12.2021
2021,6020212543,ORDINARY,6020212543,8,,14.12.2021
2021,6020212544,ORDINARY,6020212544,8,,14.12.2021
2021,6020212545,ORDINARY,6020212545,8,,14.12.2021
2021,6020212546,ORDINARY,6020212546,8,,14.12.2021
2021,6020212547,ORDINARY,6020212547,8,,14.12.2021
2021,6020212549,ORDINARY,6020212549,8,,15.12.2021
2021,6020212551,ORDINARY,6020212551,8,,16.12.2021
2021,6020212552,ORDINARY,6020212552,8,,16.12.2021
2021,6020212553,ORDINARY,6020212553,8,,17.12.2021
2021,6020212554,ORDINARY,6020212554,8,,17.12.2021
2021,6020212555,ORDINARY,6020212555,8,,17.12.2021
2021,6020212556,ORDINARY,6020212556,8,,24.12.2021
2021,6020212557,ORDINARY,6020212557,8,,18.12.2021
2021,6020212558,ORDINARY,6020212558,8,,18.12.2021
2021,6020212560,ORDINARY,6020212560,8,,19.12.2021
2021,6020212561,ORDINARY,6020212561,8,,19.12.2021
2021,6020212562,ORDINARY,6020212562,8,,19.12.2021
2021,6020212563,ORDINARY,6020212563,8,,19.12.2021
2021,6020212564,ORDINARY,6020212564,8,,19.12.2021
2021,6020212565,ORDINARY,6020212565,8,,24.12.2021
2021,6020212566,ORDINARY,6020212566,8,,20.12.2021
2021,6020212567,ORDINARY,6020212567,8,,20.12.2021
2021,6020212568,ORDINARY,6020212568,8,,24.12.2021
2021,6020212570,ORDINARY,6020212570,8,,20.12.2021
2021,6020212571,ORDINARY,6020212571,8,,20.12.2021
2021,6020212572,ORDINARY,6020212572,8,,21.12.2021
2021,6020212573,ORDINARY,6020212573,8,,21.12.2021
2021,6020212574,ORDINARY,6020212574,8,,22.12.2021
2021,6020212575,ORDINARY,6020212575,8,,22.12.2021
2021,6020212576,ORDINARY,6020212576,8,,22.12.2021
2021,6020212577,ORDINARY,6020212577,8,,22.12.2021
2021,6020212579,ORDINARY,6020212579,8,,23.12.2021
2021,6020212580,ORDINARY,6020212580,8,,24.12.2021
2021,6020212581,ORDINARY,6020212581,8,,24.12.2021
2021,6020212584,ORDINARY,6020212584,8,,25.12.2021
2021,6020212585,ORDINARY,6020212585,8,,25.12.2021
2021,6020212586,ORDINARY,6020212586,8,,25.12.2021
2021,6020212588,ORDINARY,6020212588,8,,27.12.2021
2021,6020212589,ORDINARY,6020212589,8,,27.12.2021
2021,6020212590,ORDINARY,6020212590,8,,27.12.2021
2021,6020212592,ORDINARY,6020212592,8,,27.12.2021
2021,6020212593,ORDINARY,6020212593,8,,27.12.2021
2021,6020212594,ORDINARY,6020212594,8,,27.12.2021
2021,6020212595,ORDINARY,6020212595,8,,28.12.2021
2021,6020212598,ORDINARY,6020212598,8,,28.12.2021
2021,6020212600,ORDINARY,6020212600,8,,28.12.2021
2021,6020212601,ORDINARY,6020212601,8,,29.12.2021
2021,6020212602,ORDINARY,6020212602,8,,29.12.2021
2021,6020212603,ORDINARY,6020212603,8,,30.12.2021
2021,6020212604,ORDINARY,6020212604,8,,30.12.2021
2021,6020212606,ORDINARY,6020212606,8,,30.12.2021
2021,6020212609,ORDINARY,6020212609,8,,30.12.2021
2022,6020212559,ORDINARY,6020212559,8,,24.1.2022
2022,6020212578,ORDINARY,6020212578,8,,2.1.2022
2022,6020212583,ORDINARY,6020212583,8,,2.1.2022
2022,6020212596,ORDINARY,6020212596,8,,2.1.2022
2022,6020212597,ORDINARY,6020212597,8,,2.1.2022
2022,6020212599,ORDINARY,6020212599,8,,2.1.2022
2022,6020212608,ORDINARY,6020212608,8,,2.1.2022
2022,6020212611,ORDINARY,6020212611,8,,2.1.2022
2022,6020220900,ORDINARY,6020220900,8,,2.1.2022
2022,6020220901,ORDINARY,6020220901,8,,2.1.2022
2022,6020220902,ORDINARY,6020220902,8,,1.1.2022
2022,6020220903,ORDINARY,6020220903,8,,2.1.2022
2022,6020220905,ORDINARY,6020220905,8,,2.1.2022
2022,6020220906,ORDINARY,6020220906,8,,2.1.2022
2022,6020220908,ORDINARY,6020220908,8,,2.1.2022
2022,6020220909,ORDINARY,6020220909,8,,2.1.2022
2022,6020220910,ORDINARY,6020220910,8,,2.1.2022
2022,6020220911,ORDINARY,6020220911,8,,2.1.2022
2022,6020220912,ORDINARY,6020220912,8,,2.1.2022
2022,6020220913,ORDINARY,6020220913,8,,2.1.2022
2022,6020220914,ORDINARY,6020220914,8,,3.1.2022
2022,6020220915,ORDINARY,6020220915,8,,2.1.2022
2022,6020220916,ORDINARY,6020220916,8,,2.1.2022
2022,6020220917,ORDINARY,6020220917,8,,2.1.2022
2022,6020220918,ORDINARY,6020220918,8,,3.1.2022
2022,6020220919,ORDINARY,6020220919,8,,3.1.2022
2022,6020220920,ORDINARY,6020220920,8,,3.1.2022
2022,6020220921,ORDINARY,6020220921,8,,3.1.2022
2022,6020220922,ORDINARY,6020220922,8,,3.1.2022
2022,6020220923,ORDINARY,6020220923,8,,3.1.2022
2022,6020220924,ORDINARY,6020220924,8,,3.1.2022
2022,6020220925,ORDINARY,6020220925,8,,3.1.2022
2022,6020220926,ORDINARY,6020220926,8,,3.1.2022
2022,6020220927,ORDINARY,6020220927,8,,3.1.2022
2022,6020220928,ORDINARY,6020220928,8,,3.1.2022
2022,6020220929,ORDINARY,6020220929,8,,3.1.2022
2022,6020220930,ORDINARY,6020220930,8,,3.1.2022
2022,6020220931,ORDINARY,6020220931,8,,3.1.2022
2022,6020220933,ORDINARY,6020220933,8,,4.1.2022
2022,6020220934,ORDINARY,6020220934,8,,3.1.2022
2022,6020220935,ORDINARY,6020220935,8,,4.1.2022
2022,6020220936,ORDINARY,6020220936,8,,4.1.2022
2022,6020220937,ORDINARY,6020220937,8,,4.1.2022
2022,6020220938,ORDINARY,6020220938,8,,4.1.2022
2022,6020220939,ORDINARY,6020220939,8,,4.1.2022
2022,6020220940,ORDINARY,6020220940,8,,4.1.2022
2022,6020220941,ORDINARY,6020220941,8,,5.1.2022
2022,6020220943,ORDINARY,6020220943,8,,5.1.2022
2022,6020220945,ORDINARY,6020220945,8,,5.1.2022
2022,6020220946,ORDINARY,6020220946,8,,5.1.2022
2022,6020220947,ORDINARY,6020220947,8,,6.1.2022
2022,6020220948,ORDINARY,6020220948,8,,6.1.2022
2022,6020220949,ORDINARY,6020220949,8,,6.1.2022
2022,6020220950,ORDINARY,6020220950,8,,6.1.2022
2022,6020220951,ORDINARY,6020220951,8,,6.1.2022
2022,6020220952,ORDINARY,6020220952,8,,6.1.2022
2022,6020220955,ORDINARY,6020220955,8,,8.1.2022
2022,6020220956,ORDINARY,6020220956,8,,7.1.2022
2022,6020220957,ORDINARY,6020220957,8,,7.1.2022
2022,6020220959,ORDINARY,6020220959,8,,8.1.2022
2022,6020220961,ORDINARY,6020220961,8,,9.1.2022
2022,6020220962,ORDINARY,6020220962,8,,8.1.2022
2022,6020220963,ORDINARY,6020220963,8,,8.1.2022
2022,6020220964,ORDINARY,6020220964,8,,8.1.2022
2022,6020220965,ORDINARY,6020220965,8,,9.1.2022
2022,6020220966,ORDINARY,6020220966,8,,9.1.2022
2022,6020220967,ORDINARY,6020220967,8,,9.1.2022
2022,6020220968,ORDINARY,6020220968,8,,10.1.2022
2022,6020220969,ORDINARY,6020220969,8,,10.1.2022
2022,6020220970,ORDINARY,6020220970,8,,10.1.2022
2022,6020220972,ORDINARY,6020220972,8,,11.1.2022
2022,6020220973,ORDINARY,6020220973,8,,11.1.2022
2022,6020220974,ORDINARY,6020220974,8,,11.1.2022
2022,6020220975,ORDINARY,6020220975,8,,12.1.2022
2022,6020220976,ORDINARY,6020220976,8,,13.1.2022
2022,6020220977,ORDINARY,6020220977,8,,13.1.2022
2022,6020220978,ORDINARY,6020220978,8,,13.1.2022
2022,6020220979,ORDINARY,6020220979,8,,13.1.2022
2022,6020220980,ORDINARY,6020220980,8,,16.1.2022
2022,6020220981,ORDINARY,6020220981,8,,14.1.2022
2022,6020220982,ORDINARY,6020220982,8,,16.1.2022
2022,6020220983,ORDINARY,6020220983,8,,14.1.2022
2022,6020220985,ORDINARY,6020220985,8,,17.1.2022
2022,6020220988,ORDINARY,6020220988,8,,16.1.2022
2022,6020220989,ORDINARY,6020220989,8,,16.1.2022
2022,6020220990,ORDINARY,6020220990,8,,16.1.2022
2022,6020220991,ORDINARY,6020220991,8,,17.1.2022
2022,6020220992,ORDINARY,6020220992,8,,18.1.2022
2022,6020220993,ORDINARY,6020220993,8,,17.1.2022
2022,6020220994,ORDINARY,6020220994,8,,18.1.2022
2022,6020220995,ORDINARY,6020220995,8,,18.1.2022
2022,6020220996,ORDINARY,6020220996,8,,18.1.2022
2022,6020220997,ORDINARY,6020220997,8,,19.1.2022
2022,6020221000,ORDINARY,6020221000,8,,19.1.2022
2022,6020221001,ORDINARY,6020221001,8,,21.1.2022
2022,6020221002,ORDINARY,6020221002,8,,21.1.2022
2022,6020221003,ORDINARY,6020221003,8,,21.1.2022
2022,6020221004,ORDINARY,6020221004,8,,22.1.2022
2022,6020221005,ORDINARY,6020221005,8,,22.1.2022
2022,6020221006,ORDINARY,6020221006,8,,22.1.2022
2022,6020221008,ORDINARY,6020221008,8,,23.1.2022
2022,6020221009,ORDINARY,6020221009,8,,23.1.2022
2022,6020221010,ORDINARY,6020221010,8,,23.1.2022
2022,6020221011,ORDINARY,6020221011,8,,23.1.2022
2022,6020221013,ORDINARY,6020221013,8,,24.1.2022
2022,6020221015,ORDINARY,6020221015,8,,25.1.2022
2022,6020221016,ORDINARY,6020221016,8,,25.1.2022
2022,6020221018,ORDINARY,6020221018,8,,25.1.2022
2022,6020221019,ORDINARY,6020221019,8,,26.1.2022
2022,6020221022,ORDINARY,6020221022,8,,26.1.2022
2022,6020221025,ORDINARY,6020221025,8,,26.1.2022
2022,6020221032,ORDINARY,6020221032,8,,28.1.2022
2022,6020221033,ORDINARY,6020221033,8,,28.1.2022
2022,6020221034,ORDINARY,6020221034,8,,29.1.2022
2022,6020221035,ORDINARY,6020221035,8,,29.1.2022
2022,6020221036,ORDINARY,6020221036,8,,30.1.2022
2022,6020221039,ORDINARY,6020221039,8,,30.1.2022
2022,6020221041,ORDINARY,6020221041,8,,6.2.2022
2022,6020221042,ORDINARY,6020221042,8,,31.1.2022
2022,6020221043,ORDINARY,6020221043,8,,31.1.2022
2022,6020221044,ORDINARY,6020221044,8,,1.2.2022
2022,6020221047,ORDINARY,6020221047,8,,1.2.2022
2022,6020221049,ORDINARY,6020221049,8,,1.2.2022
2022,6020221050,ORDINARY,6020221050,8,,1.2.2022
2022,6020221051,ORDINARY,6020221051,8,,1.2.2022
2022,6020221052,ORDINARY,6020221052,8,,1.2.2022
2022,6020221055,ORDINARY,6020221055,8,,1.2.2022
2022,6020221057,ORDINARY,6020221057,8,,1.2.2022
2022,6020221058,ORDINARY,6020221058,8,,1.2.2022
2022,6020221059,ORDINARY,6020221059,8,,1.2.2022
2022,6020221060,ORDINARY,6020221060,8,,1.2.2022
2022,6020221061,ORDINARY,6020221061,8,,1.2.2022
2022,6020221063,ORDINARY,6020221063,8,,2.2.2022
2022,6020221065,ORDINARY,6020221065,8,,2.2.2022
2022,6020221066,ORDINARY,6020221066,8,,2.2.2022
2022,6020221067,ORDINARY,6020221067,8,,2.2.2022
2022,6020221068,ORDINARY,6020221068,8,,3.2.2022
2022,6020221069,ORDINARY,6020221069,8,,4.2.2022
2022,6020221070,ORDINARY,6020221070,8,,3.2.2022
2022,6020221071,ORDINARY,6020221071,8,,3.2.2022
2022,6020221072,ORDINARY,6020221072,8,,4.2.2022
2022,6020221073,ORDINARY,6020221073,8,,3.2.2022
2022,6020221074,ORDINARY,6020221074,8,,4.2.2022
2022,6020221075,ORDINARY,6020221075,8,,4.2.2022
2022,6020221076,ORDINARY,6020221076,8,,4.2.2022
2022,6020221077,ORDINARY,6020221077,8,,4.2.2022
2022,6020221078,ORDINARY,6020221078,8,,4.2.2022
2022,6020221080,ORDINARY,6020221080,8,,5.2.2022
2022,6020221081,ORDINARY,6020221081,8,,5.2.2022
2022,6020221082,ORDINARY,6020221082,8,,5.2.2022
2022,6020221083,ORDINARY,6020221083,8,,5.2.2022
2022,6020221084,ORDINARY,6020221084,8,,6.2.2022
2022,6020221085,ORDINARY,6020221085,8,,6.2.2022
2022,6020221086,ORDINARY,6020221086,8,,6.2.2022
2022,6020221087,ORDINARY,6020221087,8,,6.2.2022
2022,6020221088,ORDINARY,6020221088,8,,6.2.2022
2022,6020221089,ORDINARY,6020221089,8,,6.2.2022
2022,6020221090,ORDINARY,6020221090,8,,6.2.2022
2022,6020221091,ORDINARY,6020221091,8,,7.2.2022
2022,6020221092,ORDINARY,6020221092,8,,7.2.2022
2022,6020221093,ORDINARY,6020221093,8,,7.2.2022
2022,6020221095,ORDINARY,6020221095,8,,7.2.2022
2022,6020221096,ORDINARY,6020221096,8,,7.2.2022
2022,6020221098,ORDINARY,6020221098,8,,7.2.2022
2022,6020221100,ORDINARY,6020221100,8,,8.2.2022
2022,6020221104,ORDINARY,6020221104,8,,8.2.2022
2022,6020221105,ORDINARY,6020221105,8,,8.2.2022
2022,6020221106,ORDINARY,6020221106,8,,9.2.2022
2022,6020221107,ORDINARY,6020221107,8,,9.2.2022
2022,6020221109,ORDINARY,6020221109,8,,9.2.2022
2022,6020221110,ORDINARY,6020221110,8,,10.2.2022
2022,6020221111,ORDINARY,6020221111,8,,9.2.2022
2022,6020221112,ORDINARY,6020221112,8,,9.2.2022
2022,6020221114,ORDINARY,6020221114,8,,9.2.2022
2022,6020221118,ORDINARY,6020221118,8,,11.2.2022
2022,6020221120,ORDINARY,6020221120,8,,10.2.2022
2022,6020221121,ORDINARY,6020221121,8,,10.2.2022
2022,6020221122,ORDINARY,6020221122,8,,10.2.2022
2022,6020221123,ORDINARY,6020221123,8,,10.2.2022
2022,6020221124,ORDINARY,6020221124,8,,10.2.2022
2022,6020221125,ORDINARY,6020221125,8,,10.2.2022
2022,6020221127,ORDINARY,6020221127,8,,10.2.2022
2022,6020221128,ORDINARY,6020221128,8,,11.2.2022
2022,6020221129,ORDINARY,6020221129,8,,11.2.2022
2022,6020221130,ORDINARY,6020221130,8,,13.2.2022
2022,6020221131,ORDINARY,6020221131,8,,11.2.2022
2022,6020221132,ORDINARY,6020221132,8,,11.2.2022
2022,6020221133,ORDINARY,6020221133,8,,12.2.2022
2022,6020221134,ORDINARY,6020221134,8,,13.2.2022
2022,6020221135,ORDINARY,6020221135,8,,12.2.2022
2022,6020221136,ORDINARY,6020221136,8,,13.2.2022
2022,6020221137,ORDINARY,6020221137,8,,13.2.2022
2022,6020221138,ORDINARY,6020221138,8,,12.2.2022
2022,6020221140,ORDINARY,6020221140,8,,13.2.2022
2022,6020221141,ORDINARY,6020221141,8,,13.2.2022
2022,6020221142,ORDINARY,6020221142,8,,14.2.2022
2022,6020221143,ORDINARY,6020221143,8,,14.2.2022
2022,6020221144,ORDINARY,6020221144,8,,14.2.2022
2022,6020221145,ORDINARY,6020221145,8,,15.2.2022
2022,6020221146,ORDINARY,6020221146,8,,15.2.2022
2022,6020221148,ORDINARY,6020221148,8,,14.2.2022
2022,6020221149,ORDINARY,6020221149,8,,14.2.2022
2022,6020221150,ORDINARY,6020221150,8,,15.2.2022
2022,6020221151,ORDINARY,6020221151,8,,15.2.2022
2022,6020221152,ORDINARY,6020221152,8,,16.2.2022
2022,6020221153,ORDINARY,6020221153,8,,15.2.2022
2022,6020221155,ORDINARY,6020221155,8,,15.2.2022
2022,6020221156,ORDINARY,6020221156,8,,15.2.2022
2022,6020221157,ORDINARY,6020221157,8,,16.2.2022
2022,6020221158,ORDINARY,6020221158,8,,16.2.2022
2022,6020221159,ORDINARY,6020221159,8,,16.2.2022
2022,6020221160,ORDINARY,6020221160,8,,17.2.2022
2022,6020221162,ORDINARY,6020221162,8,,16.2.2022
2022,6020221165,ORDINARY,6020221165,8,,17.2.2022
2022,6020221166,ORDINARY,6020221166,8,,17.2.2022
2022,6020221167,ORDINARY,6020221167,8,,17.2.2022
2022,6020221168,ORDINARY,6020221168,8,,17.2.2022
2022,6020221170,ORDINARY,6020221170,8,,18.2.2022
2022,6020221171,ORDINARY,6020221171,8,,21.2.2022
2022,6020221172,ORDINARY,6020221172,8,,19.2.2022
2022,6020221174,ORDINARY,6020221174,8,,19.2.2022
2022,6020221175,ORDINARY,6020221175,8,,19.2.2022
2022,6020221176,ORDINARY,6020221176,8,,20.2.2022
2022,6020221177,ORDINARY,6020221177,8,,20.2.2022
2022,6020221178,ORDINARY,6020221178,8,,20.2.2022
2022,6020221179,ORDINARY,6020221179,8,,20.2.2022
2022,6020221180,ORDINARY,6020221180,8,,20.2.2022
2022,6020221181,ORDINARY,6020221181,8,,21.2.2022
2022,6020221184,ORDINARY,6020221184,8,,21.2.2022
2022,6020221186,ORDINARY,6020221186,8,,21.2.2022
2022,6020221187,ORDINARY,6020221187,8,,21.2.2022
2022,6020221188,ORDINARY,6020221188,8,,21.2.2022
2022,6020221189,ORDINARY,6020221189,8,,21.2.2022
2022,6020221191,ORDINARY,6020221191,8,,22.2.2022
2022,6020221193,ORDINARY,6020221193,8,,23.2.2022
2022,6020221194,ORDINARY,6020221194,8,,22.2.2022
2022,6020221195,ORDINARY,6020221195,8,,1.3.2022
2022,6020221196,ORDINARY,6020221196,8,,22.2.2022
2022,6020221197,ORDINARY,6020221197,8,,22.2.2022
2022,6020221198,ORDINARY,6020221198,8,,22.2.2022
2022,6020221199,ORDINARY,6020221199,8,,22.2.2022